{"cameraMode":{"drawMode":0,"name":"Shaded","section":"Shading Mode"},"sceneLighting":false,"audioPlay":false,"sceneViewState":{"showFog":true,"showMaterialUpdate":false,"showSkybox":true,"showFlares":true,"showImageEffects":true,"showParticleSystems":true},"in2DMode":false,"pivot":{"x":0.0,"y":0.01231359876692295,"z":0.0020641107112169267},"rotation":{"x":0.24676188826560975,"y":0.74640291929245,"z":-0.37475404143333437,"w":0.4914780557155609},"size":0.13378103077411652,"orthographic":false}