{"cameraMode":{"drawMode":0,"name":"Shaded","section":"Shading Mode"},"sceneLighting":false,"audioPlay":false,"sceneViewState":{"showFog":true,"showMaterialUpdate":false,"showSkybox":true,"showFlares":true,"showImageEffects":true,"showParticleSystems":true},"in2DMode":false,"pivot":{"x":107.89744567871094,"y":-200.8778076171875,"z":-272.877685546875},"rotation":{"x":0.05593489110469818,"y":0.9377433657646179,"z":-0.29193881154060366,"w":0.17966754734516145},"size":368.2638854980469,"orthographic":false}