{"cameraMode":{"drawMode":0,"name":"Shaded","section":"Shading Mode"},"sceneLighting":false,"audioPlay":false,"sceneViewState":{"showFog":true,"showMaterialUpdate":false,"showSkybox":true,"showFlares":true,"showImageEffects":true,"showParticleSystems":true},"in2DMode":false,"pivot":{"x":1.737159252166748,"y":1.8312689065933228,"z":-3.456336259841919},"rotation":{"x":0.016246210783720018,"y":0.9837542772293091,"z":-0.12642337381839753,"w":0.1264149397611618},"size":14.131359100341797,"orthographic":false}