{"cameraMode":{"drawMode":0,"name":"Shaded","section":"Shading Mode"},"sceneLighting":true,"audioPlay":false,"sceneViewState":{"showFog":true,"showMaterialUpdate":false,"showSkybox":true,"showFlares":true,"showImageEffects":true,"showParticleSystems":true},"in2DMode":false,"pivot":{"x":-24.255786895751954,"y":3.6322274208068849,"z":8.245067596435547},"rotation":{"x":-0.17626896500587464,"y":-0.03542528301477432,"z":0.006347057409584522,"w":-0.9836839437484741},"size":11.547019004821778,"orthographic":false}