{"cameraMode":{"drawMode":0,"name":"Shaded","section":"Shading Mode"},"sceneLighting":true,"audioPlay":false,"sceneViewState":{"showFog":true,"showMaterialUpdate":false,"showSkybox":true,"showFlares":true,"showImageEffects":true,"showParticleSystems":true},"in2DMode":false,"pivot":{"x":2.2115516662597658,"y":1.777559518814087,"z":-10.280296325683594},"rotation":{"x":0.030283408239483835,"y":-0.038070254027843478,"z":0.0011544048320502043,"w":0.9988154172897339},"size":5.30111026763916,"orthographic":false}