{"cameraMode":{"drawMode":0,"name":"Shaded","section":"Shading Mode"},"sceneLighting":true,"audioPlay":false,"sceneViewState":{"showFog":true,"showMaterialUpdate":false,"showSkybox":true,"showFlares":true,"showImageEffects":true,"showParticleSystems":true},"in2DMode":false,"pivot":{"x":105.66889953613281,"y":-0.39739298820495608,"z":440.9308776855469},"rotation":{"x":0.16729779541492463,"y":0.5254539847373962,"z":-0.106242835521698,"w":0.8274189233779907},"size":7.56138277053833,"orthographic":false}