{"cameraMode":{"drawMode":0,"name":"Shaded","section":"Shading Mode"},"sceneLighting":false,"audioPlay":false,"sceneViewState":{"showFog":true,"showMaterialUpdate":false,"showSkybox":true,"showFlares":true,"showImageEffects":true,"showParticleSystems":true},"in2DMode":false,"pivot":{"x":98.22401428222656,"y":0.37536048889160159,"z":446.95928955078127},"rotation":{"x":0.2524760067462921,"y":-0.21957989037036897,"z":0.058941543102264407,"w":0.9405139088630676},"size":4.504942417144775,"orthographic":false}