{"cameraMode":{"drawMode":0,"name":"Shaded","section":"Shading Mode"},"sceneLighting":true,"audioPlay":false,"sceneViewState":{"showFog":true,"showMaterialUpdate":false,"showSkybox":true,"showFlares":true,"showImageEffects":true,"showParticleSystems":true},"in2DMode":false,"pivot":{"x":85.45347595214844,"y":-13.704856872558594,"z":440.5947570800781},"rotation":{"x":0.3642609715461731,"y":-0.45527464151382449,"z":0.21141162514686585,"w":0.7844387888908386},"size":37.80795669555664,"orthographic":false}