{"cameraMode":{"drawMode":0,"name":"Shaded","section":"Shading Mode"},"sceneLighting":true,"audioPlay":false,"sceneViewState":{"showFog":true,"showMaterialUpdate":false,"showSkybox":true,"showFlares":true,"showImageEffects":true,"showParticleSystems":true},"in2DMode":false,"pivot":{"x":98.53548431396485,"y":1.6849836111068726,"z":434.897705078125},"rotation":{"x":-0.038598284125328067,"y":-0.28096479177474978,"z":0.011310291476547718,"w":-0.9588749408721924},"size":5.403207778930664,"orthographic":false}