{"cameraMode":{"drawMode":0,"name":"Shaded","section":"Shading Mode"},"sceneLighting":false,"audioPlay":false,"sceneViewState":{"showFog":true,"showMaterialUpdate":false,"showSkybox":true,"showFlares":true,"showImageEffects":true,"showParticleSystems":true},"in2DMode":false,"pivot":{"x":216.7861328125,"y":4.1990580558776859,"z":194.95655822753907},"rotation":{"x":-0.02984459511935711,"y":-0.965316653251648,"z":0.2258291244506836,"w":-0.1275709718465805},"size":4.17746639251709,"orthographic":false}