{"cameraMode":{"drawMode":0,"name":"Shaded","section":"Shading Mode"},"sceneLighting":false,"audioPlay":false,"sceneViewState":{"showFog":true,"showMaterialUpdate":false,"showSkybox":true,"showFlares":true,"showImageEffects":true,"showParticleSystems":true},"in2DMode":false,"pivot":{"x":1.1885693073272706,"y":1.3087928295135499,"z":1.3069899082183838},"rotation":{"x":0.19430001080036164,"y":-0.7371945381164551,"z":0.23802293837070466,"w":0.6017781496047974},"size":0.00005715768929803744,"orthographic":false}