{"cameraMode":{"drawMode":0,"name":"Shaded","section":"Shading Mode"},"sceneLighting":false,"audioPlay":false,"sceneViewState":{"showFog":true,"showMaterialUpdate":false,"showSkybox":true,"showFlares":true,"showImageEffects":true,"showParticleSystems":true},"in2DMode":false,"pivot":{"x":0.24944014847278596,"y":0.4028032422065735,"z":0.21342134475708009},"rotation":{"x":0.16160906851291657,"y":-0.8383892774581909,"z":0.3671945035457611,"w":0.3689906895160675},"size":0.00005715768929803744,"orthographic":false}